pdb_id,Achain,Hchain,Lchain
7Q0I,SQCVNFTTRTQLPPAYTNSFTRGVYYPDKVFRSSVLHSTQDLFLPFFSNVTWFHAIHVSGGTKRFANPVLPFNDGVYFASTEKSNIIRGWIFGTTLDSKTQSLLIVNNATNVVIKVCEFQFCNDPFLGVYYHKNNKSWMESEFRVYSSANNCTFEYVSQPFLMDLFKNLREFVFKNIDGYFKIYSKHTPINLVRGLPQGFSALEPLVDLPIGINITRFQTLHISYLTPGAGAAAYYVGYLQPRTFLLKYNENGTITDAVDCALDPLSETKCTLKSLNDIF,EVQLVESGGGVVQPGRSLRLSCAASGFTFSSYGMHWVRQAPGKGLEWVAVIWYDGSNNFYADSVKGRFTISRDNFKNTLYLQMNSLRAEDTAVYYCARSYCSGGFCFGYYYGLDVWGQGTTVTV,SYELTQPPSVSVAPGKTATITCGGNNIGTKSVHWYQQKPGQAPVLVIYYNSDRPSGIPERFSGSNSGNTVTLTISRVEAGDEADYYCQVWDSGSDHYVFGTGTKVTVVGQP
7Q6C,HCQLGQKQSGSECICMSPEEDCSHHSEDLCVFDTDSNDYFTSPACKFLAEKCLNNQQLHFLHIGSCQDGRQLEWGLERTRLSSASTKKESCGYDTCYDWEKCSASTSKCVCLLPPQCFKGGNQLYCVKMGSSTSEKTLNICEVGTIRCANRKMEILHPGKCLA,EVQLVESDGGLVQPGGSLKLSCAASGFTFSDYYMAWVRQGPGKGLEWVATINYDGSSTYYRESVKGRFTISRDNAKNTLYLQMNSLRAEDTATYYCARPSTEALFAYWGHGTLVTVSS,DVVLTQTPSTLSVTPGQPASISCRSSQSLLNDVGNTYLYWYLQKPGQSPQLLIYLVSDLGSGVPNRFSGSGSGTDFTLKISRVEAEDVGIYYCMQASHAPYTFGQGTNLEIKRTV
7QNW,TNLCPFDEVFNATRFASVYAWNRKRISNCVADYSVLYNLAPFFTFKCYGVSPTKLNDLCFTNVYADSFVIRGDEVRQIAPGQTGNIADYNYKLPDDFTGCVIAWNSNKLDSKVSGNYNYLYRLFRKSNLKPFERDISTEIYQAGNKPCNGVAGFNCYFPLRSYSFRPTYGVGHQPYRVVVLSFEVCGK,QVQLQESGPGLVKPSETLSLTCTVSGDSISSSRYYWGWIRQPPGKGLEWIGTFYYSGITYYNPSLKSRVTIFVDTSKNQFSLKLSSVTAADTAVYYCARPRPPDYYDNSGALLFDIWGQGTMVT,AIRMTQSPSTLSASVGDRVTIACRASQSISAWLAWYQQKPGKAPKLLIYKASSLESGVPSRFSGSGSGTEFTLTINSLQPDDFATYYCQQYISSSPWTFGQGTKVEIKRTV
7R58,GPLPKPSLQALPSSLVPLEKPVTLRCQGPPGVDLYRLEKLSSSRYQDQAVLFIPAMKRSLAGRYRCSYQNGSLWSLPSDQLELVATGVFAKPSLSAQPGPAVSSGGDVTLQCQTRYGFDQFALYKEGDPAPYKNPERWYRASFPIITVTAAHSGTYRCYSFSSRDPYLWSAPSDPLELVVT,QVQLVQSGAEVKKPGASVKVSCKASGYTFTSYNMHWVRQAPGQGLEWMGGIYPGNGDTSYNQKFQGRVTMTRDTSTSTVYMELSSLRSEDTAVYYCARGTVVGDWYFDVWGQGTLVTVSS,DIQMTQSPSSLSASVGDRVTITCRSSQSLENSNGNTYLNWYQQKPGKAPKLLIYRVSNRFSGVPSRFSGSGSGTDFTFTISSLQPEDIATYYCLQLTHVPWTFGQGTKVEITRTV
7SO5,LVNRKQLEKMANVRFRTQEDEYVAILDALEEYHNMSENTVVEKYLKLKDINSLTDIYIDTYKKSGRNKALKKFKEYLVTEVLELKNNNLTPVEKNLHFVWIGGQINDTAINYINQWKDVNSDYNVNVFYDSNAFLINTLKKTVVESAINDTLESFRENLNDPRFDYNKFFRKRMEIIYDKQKNFINYYKAQREENPELIIDDIVKTYLSNEYSKEIDELNTYIEESLNKITQNSGNDVRNFEEFKNGESFNLYEQELVERWNLAAASDILRISALKEIGGMYLDVDMLPGIQPDLFESIEKPVTVDFWEMTKLEAIMKYKEYIPEYTSEHFDMLDEEVQSSFESVLASKSDKSEIFSSLGDMEASPLEVKIAFNSKGIINQGLISVKDSYCSNLIVKQIENRYKILNNSLNPAISEDNDFNTTTNTFIDSIMAEANADNGRFMMELGKYLRVGFFPDVKTTINLSGPEAYAAAYQDLLMFKEGSMNIHLIEADLRNFEISKTNISQSTEQEMASLWSFDDARAKAQFEEYKRNYFEGSL,QVQLLQGGAGLLKPSETLSLTCAVYGGSFSEHYWSWIRQPPGKGLEWIGEINYGGNTNYNPSLESRISISVDTSKNQVFLRVRFVTAADTAVYFCSGGRRAAVHGRTFAIWGQGTMVTVSS,DIVMTQSPLSLPVTPGEPASISCRSSQSLLHTNGNNYLVWYLQKPGQAPHLLIYLGSNRASGVPGRFSGSGSGTDFTLKISRVEVEDVGVYYCMQSLQTPPTFGQGTKLEIKRTV
7SWW,QCVNLTTRTQLPPAYTNSFTRGVYYPDKVFRSSVLHSTQDLFLPFFSNVTWFHAIHVSGTNGTKRFDNPVLPFNDGVYFASTEKSNIIRGWIFGTTLDSKTQSLLIVNNATNVVIKVCEFQFCNDPFLGVYYHKNNKSWMESEFRVYSSANNCTFEYVSQPFNFKNLREFVFKNIDGYFKIYSKHTPINLVRDLPQGFSALEPLVDLPIGINITRFQTLLALHRSYLTPGDSSSGWTAGAAAYYVGYLQPRTFLLKYNENGTITDAVDCALDPLSETKCTLK,EVQLQQSGAELVRPGALVKLSCKASGFNIKDYFVHWVKQRPVQGLEWIGWIDPENGNTIYGPKFQGKASLAADTSSNTGYLQLSSLTSEDTAVYYCARWDGYETLDYWGQGTSVTVS,DIVMSQSPSSLAVSVGEKVTMSCQSSQSLLYSNNEKNYLAWYQQKPGHSPKLLLYWASTRESGVPDRFTGSGSGTAFTLTISSVKAEDLAVYYCQQYYNYPYTFGGGTKLEI
7T01,FPNITNLCPFGEVFNATRFASVYAWNRKRISNCVADYSVLYNSASFSTFKCYGVSPTKLNDLCFTNVYADSFVIRGDEVRQIAPGQTGKIADYNYKLPDDFTGCVIAWNSNNLDSKVGGNYNYLYRLFRKSNLKPFERDISTEIYQAGSTPCNGVEGFNCYFPLQSYGFQPTNGVGYQPYRVVVLSFELLHAPATVCGPKK,QITLKESGPTLVKPTQTLTLTCTFSGFSLSTIGVGVSWIRQPPGKALDWLALIYWDDDKRYSPSLKSRLTVTMDTSKNQVVLTLTNMDPVDTATYFCAHGLFSSSDWGGLDVWGQGTTVT,DMQMTQSPSSLSASVGDRVTITCRASQSVFTYLNWYQQKPGKAPKLLIYAASRLQSGVPSRFRGSGSGTDFTLTISSLQPEDFATYYCQQSHSTPFIFGPGTKVDIK
7T17,IRCIGVSNRDFVEGMSGGTWVDVVLEHGGCVTVMAQDKPTVDIELVTTTVSNMAEVRSYCYEASISDMASDSRCPTQGEAYLDKQSDTQYVCKRTLVDRGWGNGCGLFGKGSLVTCAKFACSKKMTGKSIQPENLEYRIMLSVHGSQHSGMIVNDTGHETDENRAKVEITPNSPRAEATLGGFGSLGLDCEPRTGLDFSDLYYLTMNNKHWLVHKEWFHDIPLPWHAGADTGTPHWNNKEALVEFKDAHAKRQTVVVLGSQEGAVHTALAGALEAEMDGAKGRLSSGHLKCRLKMDKLRLKGVSYSLCTAAFTFTKIPAETLHGTVTVEVQYAGTDGPCKVPAQMAVDMQTLTPVGRLITANPVITESTENSKMMLELDPPFGDSYIVIGVG,QVQLQESGPGLVKPSQTLSLTCAVSGGSISSGDSYWSWIRQHPGKGLEWIGSIYYSGSTYYNPSLKSRVTIPIDTSKNQFSLKLSSVTAADTAVYYCARHVGDLRVNDAFDIWGQGTMVTVSS,QSVLTQPPSVSAAPGQKVTISCSGSSSNIGNNFVSWYQRLPGTPPKLLIYDSDKRPSGIPDRFSGSKSGTSATLGITGLQTGDEGDYYCGTWDRSLSVVVFGGGTKLTVL
7T7B,NLCPFGEVFNATRFASVYAWNRKRISNCVADYSVLYNSASFSTFKCYGVSPTKLNDLCFTNVYADSFVIRGDEVRQIAPGQTGKIADYNYKLPDDFTGCVIAWNSNNLDSKVGGNYNYLYRLFRKSNLKPFERDISTEIYQAGSTPCNGVEGFNCYFPLQSYGFQPTNGVGYQPYRVVVLSFELLHAPATVCGP,QVQLQQSGAEVKKPGASVKLSCKASGYTFSVFPIHWVRQAPGQRLEWMGWHNAGDGDTKYSQKFQGRVTIISDTSASTAYMELSSLKSEDTAVYYCARAARPYYDRRGYFFRADYFQHWGQGTL,DIQVTQSPSSLSASVGDRVTITCQASQDIKNSLNWYQQKPGKAPKLLISDASNLETGVPSRFSGNGSGTDFTFTISSLQPEDIATYYCQQYDNLITFGPGTKVEIKRTV
7TL0,LKESYLEESCSTITEGYLSVLRTGWYTNVFTLEVGDVENLTCADGPSLIKTELDLTKSALRELRTVSADQFVLGAIACGVATAAAVTAGVAIAKCIRLESEVTAIKNCLKKTNECVSTLGCGVRVLATAVRELKDFVSKNLTRAINKNKCDIPDLKMAVSFSQFNRRFLNVVRQFSDNAGITPAISKDLMTDAELARAISNMPTSAGQIKLMLENRAMVRRKGFGILIGVYGSSVIYMVQLPIFGVIDTPCWIVKAAPSCSEKKGNYACLLREDQGWYCQNAGSTVYYPCEKDCETRGDHVFCDTAAGINVAEQSKECNINISTTNYPCKVSCGRHPISMVALSPLGALVACYKGVSCSIGSNRVGIIKQLNKGCSYITNQDADTVTIDNTVYQLSKVEGEQHVIKGRPVSSSFDPVKFPQDQFNVALDQCFE,EVQLVQSGAEVKKPGESLRISCKSSGYTFTTYWITWVRQMPGKGLEWMGRIDPSDSYTDYSPSFKGHVTISVDKSINTAYLQWGSLKSSDTAIFYCARQASSGKIYFDYWGQGTLVTVSS,DIQMTQSPSSLSASVGDRVTITCQASQGINYYLNWYQQKPGKAPKVLIYDASDLETGVPSRFSGGGSGTHFTFTISSLQTEDIGTYYCQQYDNLPFTFGQGTRLE
7TP3,NLCPFGEVFNATRFASVYAWNRKRISNCVADYSVLYNSASFSTFKCYGVSPTKLNDLCFTNVYADSFVIRGDEVRQIAPGQTGKIADYNYKLPDDFTGCVIAWNSNNLDSKVGGNYNYLYRLFRKSNLKPFERDISTEIYQAGSTPCNGVEGFNCYFPLQSYGFQPTNGVGYQPYRVVVLSFELLHAPATVCGP,EVRLVESGGGLVKPGGSLRLSCVASGFTFSSYEMHWVRQAPGKGLEWVSVISESGATTHYTDSVKGRFTISRDNAKNSLFLQMNSLRAEDTAVYYCTRPQSVTVFGVAATSYEAFDFWGQGLRV,DIVMTQSPDTLSLSPGETATLSCRASQSVSSYVAWYQQKPEQPPRLLIYGSSSRATGMPDRFSGSGSGTDFTLTISSLEPDDFAVYYCQQYTNWPLTFGGGTKVEIKRTV
7TP4,NLCPFGEVFNATRFASVYAWNRKRISNCVADYSVLYNSASFSTFKCYGVSPTKLNDLCFTNVYADSFVIRGDEVRQIAPGQTGKIADYNYKLPDDFTGCVIAWNSNNLDSKVGGNYNYLYRLFRKSNLKPFERDISTEIYQAGSTPCNGVEGFNCYFPLQSYGFQPTNGVGYQPYRVVVLSFELLHAPATVCGP,EVQLAESGGGLVKPGGSLRLSCVASGFTFSSNEMHWVRQAPGKGLEWVSVISESGFTTEYADSVKGRFTISRDNAKNSLFLQMNSLRAEDTAVYYCTRVSIFGQFIVATYFDYWGQGVLVTVSS,QAALTQPRSVSGSPGQSVTISCTGTSSDIGGYNYVSWYQQHPGTAPKLMIYAVSERPSGVSDRFSGSKSGNTASLTISGLQAEDEADYYCCSYAGTVLFGGGTRLTVLGQP
7U2D,NLCPFGEVFNATRFASVYAWNRKRISNCVADYSVLYNSASFSTFKCYGVSPTKLNDLCFTNVYADSFVIRGDEVRQIAPGQTGKIADYNYKLPDDFTGCVIAWNSNNLDSKVGGNYNYLYRLFRKSNLKPFERDISTEIYQAGSTPCNGVEGFNCYFPLQSYGFQPTNGVGYQPYRVVVLSFELLHAPATVCGP,EVQLVESGGGLVKPGGSLRLSCAASGFTFSSYYMNWVRQAPGKGLEWVSSISEDGYSTYYPDSLKGRFTISRDSAKNSLYLQMNSLRADDTAVYYCARDFSGHTAWAGTGFEYWGQGTLVTVSS,QPVLTQPPSVSGAPGQRITISCTGSSSNIGAGYDVHWYQQLPGTAPKLLIYGSSSRNSGVPDRFSGSKSGTSASLAITGLQAEDEADYYCQSYDSSLSVLYTFGTGTKVTVLGQP
7U5B,TQPWQAALLLRGAVLVHPQWLLTAAHFRVRLGQQMFQGVKSIHSNDLMLIKLNRRIRPTKDVRPINVSSHCPSAGTKCLVSCLNISVLSQKRCEDAYPRQIDDTMFCAGDGPVVCNGSLQGLVSPNRPGVYTNLCKFTKWIQETIQANS,EVQLVESGGGLVQPGGSLRLSCAASGFSLSSYGVTWVRQAPGKGLEWIGYITSNYGVSYYASWAKSRSTISRDTSKNTVYLQMGSLRAEDMAVYYCARENPDYGYAYDAWGQGTTVTVSS,AIRMTQSPSSFSASTGDRVTITCQASESISNELSWYQQKPGKAPKLLIYYASTLASGVPSRFSGSGSGTDFTLTISSLQPEDFATYYCAQGFGSSGVENVFGGGTKVEIKRTV
7UNB,KKVIHGCNFSSNVSSKYTFTDSLDISLVDDSAHISCNVHLSEPKYNHLVGLNCPGDIIPDCFFQVYQPESEELEPSNIVYLDSQINIGDIEYYEDAEGDDKIKLFLIVGSVPKTTSFTCICKKDKKSAYMTVTIDSAG,QLQLQESGPGLVKPSETLSLTCTVSGGSISRSPYYWGWIRQPPGKGLEWFGSVYNNGSTYYNPSLKSRVTISVDTSKNQFSLKLSSVTAADTALYYCARHGGSTGMKVVVIAPPDYWGQGTLVT,DIQMTQSPATLSASVGDRVTITCRASQSISIWLAWYQQKPGEAPKLLIYKASSLQSGVPSRFSGSASGTKFSLTISSLQPDDFATFYCQQYHSYPYTFGQGTKLEIKRTV
7UPB,ILHYEKLSKIGLVKGVTRKYKIKSNPLTKDIVIKMIPNVSNMSQCTGSVMENYKTRLNGILTPIKGALEIYKNNTHDCVGDVRLAGVCMAGVAIGIATAAQITAGVALYEAMKNADNINKLKSSIESTNEAVVKLQETAEKTVYVFTALQDYINTNLVPTIDKIPCKQTELSLDLALSKYLSDLLFVFGPNLQDPVSNSMTIQAISQAFGGNYETLLRTLGYATEDFDDLLESDSITGQIIYVDLSSYYIIVRVYFPILTEIQQAYIQELLPVSFNNDNSEWISIVPNFILVRNTLISNIEIGFCLITKRSVICNQDYATPMTNNMRECLTGSTEKCPRELVVSSHVPRFALSNGVLFANCISVTCQCQTTGRAISQSGEQTLLMIDNTTCPTAVLGNVIISLGKYLGSVNYNSEGIAIGPPVFTDKVDISSQISSMNQSLQQSKDYIK,VQLQQSGAELMRPGASMKISCKATGYTFSSYWIDWVKQRPGHGLEWIGEILPGSGDTNYNENFKGKAAFTADTSSNTAYMQLTSLTSEDSAVFYCARGGRYHGQGFFDYWGQGTTLTVSS,IQMTQSPASLSASVGETVTITCRPSENVHIYLAWYQQKQGKSPQLLVYNAKTLADGVPSRFSGSASGTQFSLKINSLQPEDFGSYYCQHFWSIPYTFGGGTKLEIK
7UPK,ILHYEKLSKIGLVKGVTRKYKIKSNPLTKDIVIKMIPNVSNMSQCTGSVMENYKTRLNGILTPIKGALEIYKNNTHDCGVCMAGVAIGIATAAQITAGVALYEAMKNADNINKLKSSIESTNEAVVKLQETAEKTVYVFTALQDYINTNLVPTIDKIPCKQTELSLDLALSKYLSDLLFVFGPNLQDPVSNSMTIQAISQAFGGNYETLLRTLGYATEDFDDLLESDSITGQIIYVDLSSYYIIVRVYFPILTEIQQAYIQELLPVSFNNDNSEWISIVPNFILVRNTLISNIEIGFCLITKRSVICNQDYATPMTNNMRECLTGSTEKCPRELVVSSHVPRFALSNGVLFANCISVTCQCQTTGRAISQSGEQTLLMIDNTTCPTAVLGNVIISLGKYLGSVNYNSEGIAIGPPVFTDKVDISSQISSMNQSLQQSK,QVQLQQSGAELVRPGTSVKISCKASGYTFTNYWLGWVKQRPGHGLEWIGDIYRGGGYTNYNEKFKGKATLTADTSSSTAYMQLSSLTSEDSAVYFCATRDGYFDYWGQGTTLTVSS,DIQMTQSSSSFSVSLGDRTTITCKASEDIYNRLAWFQQKPGNAPRLLISGATSLETGVPSRFSGSGSGKDYTLSITSLQTEDVATYYCQQYWSSPWTFGGGTKLEIK
7UVF,SQFRVSPLDRTWNLGETVELKCQVLLSNPTSGCSWLFQPRGAAASPTFLLYLSQNKPKAAEGLDTQRFSGKRLGDTFVLTLSDFRRENEGYYFCSALSNSIMYFSHFVPVFLPAKPT,EVQLVQSGAEVKKPGASVKVSCKASGFNIKDTYIHWVRQAPGQGLEWIGRIDPANDNTLYASKFQGRATITADTSTSTAYLELSSLRSEDTAVYYCGRGYGYYVFDHWGQGTLVTVSS,DVQITQSPSSLSASVGDRVTITCRTSRSISQYLAWYQEKPGKTNKLLIYSGSTLQSGIPSRFSGSGSGTDFTLTISSLQPEDFATYYCQQVNEFPPTFGQGTKVEIKRTV
7UVH,DLSYETTESGDTAVSEDSYDKYASQNTNKEYVCDFTDQLKPTESGPKVKKCEVKVNEPLIKVKIICPLKGSVEKLYDNIEYVPKKSPYVVLTKEETKLKEKLLSKLIYGLLISPTVNEKENNFKEGVIEFTLPPVVHKATVFYFICDNSKTEDDNKKGNRGIVEVYVEPYG,EVQLVESGGGLVKPGGSLRLSCAASGFAFSTYAMSWVRQAPGKGLEWVSSISESSSYTYYTDSVKGRFTISRDNAKKSLFLHMNSLRAEDTAVYYCARSDGLSMIAAPFDYWGQGARVTVSS,EIVLTQSPATLSLSPGERATLSCRTSQSLSISLVWYQQKPGQAPRLLISDASNRAPGIPARFSASGSGTDFTLTISSLEPEDFAVYYCQQRSNWPPITFGQGTRLEMKRTV
7UZ7,PAYTNSFTRGVYYPDKVFRSSVLHSTQDLFLPFFSNVTWFHAIHVSNGTKRFDNPVLPFNDGVYFASTEKSNIIRGWIFGTTLDSKTQSLLIVNNATNVVIKVCEFQFCNDPFLGVYYHKNNKSWMESEFRVYSSANNCTFEYVSQPFLMDKNLREFVFKNIDGYFKIYSKHTPINLVRDLPQGFSALEPLVDLPIGINITRFQTLLALHRSYLTPGDSSSGWTAGAAAYYVGYLQPRTFLLKYNENGTITDAVDCALDPLSETKCTLKSFTVEKGIYQTSNFRVQPTESIVRFPNITNLCPFGEVFNATRFASVYAWNRKRISNCVADYSVLYNSASFSTFKCYGVSPTKLNDLCFTNVYADSFVIRGDEVRQIAPGQTGKIADYNYKLPDDFTGCVIAWNSNNLDSKVGGNYNYLYRLFRKSNLKPFERDISTEIYQAGSTPCNGVEGFNCYFPLQSYGFQPTNGVGYQPYRVVVLSFELLHAPATVCGPKKSTNLVKNKCVNFNFNGLTGTGVLTESNKKFLPFQQFGRDIADTTDAVRDPQTLEILDITPCSFGGVSVITPGTNTSNQVAVLYQDVNCTEVYSTGSNVFQTRAGCLIGAEHVNNSYECDIPIGAGICASYQTSQSIIAYTMSLGAENSVAYSNNSIAIPTNFTISVTTEILPVSMTKTSVDCTMYICGDSTECSNLLLQYGSFCTQLNRALTGIAVEQDKNTQEVFAQVKQIYKTPPIKDFGGFNFSQILPDPSKPSKRSPIEDLLFNKVTKFNGLTVLPPLLTDEMIAQYTSALLAGTITSGWTFGAGPALQIPFPMQMAYRFNGIGVTQNVLYENQKLIANQFNSAIGKIQDSLSSTPSALGKLQDVVNQNAQALNTLVKQLSSNFGAISSVLNDILSRLDPPEAEVQIDRLITGRLQSLQTYVTQQLIRAAEIRASANLAATKMSECVLGQSKRVDFCGKGYHLMSFPQSAPHGVVFLHVTYVPAQEKNFTTAPAICHDGKAHFPREGVFVSNGTHWFVTQRNFYEPQIITTDNTFVSGNCDVVIGIVNNTVYDPLQPELDS,EVQLKQSVAELVRPGASVKVSCTASGFNIKNIYMHWVKQRPEQGLDWIGRIDPANGNSRYAPKFQDKATITADTSSNTAYLQLSSLTSEDTAIYYCADEGWGFANWGQGTLVTVSA,DIVMTQSPSSLTVTAGEKVTMSCKSSQSLLNSGNQKNYLTWYQQKVGQPPKLLIYWASTRDPGVPDRFTGSGFGTDFTLTISSVQAEDLAVYYCQNDYSYPLTFGAGTKVEL
7UZC,TNLCPFGEVFNATRFASVYAWNRKRISNCVADYSVLYNSASFSTFKCYGVSPTKLNDLCFTNVYADSFVIRGDEVRQIAPGQTGKIADYNYKLPDDFTGCVIAWNSNNLDSKVGGNYNYLYRLFRKSNLKPFERDISTEIYQAGSTPCNGVEGFNCYFPLQSYGFQPTNGVGYQPYRVVVLSFELLHAPATVCGPK,QVQLQQPGAELVKPGASVKMSCKASGYTFITYWITWVKQRPGQGLEWIGDIYPGGGRTNYNEKFKSKATLTVDTSSSTAYMQLRSLTSEDSAVYYCARYDGNYVGYYYAMDYWGQGTSVTVSS,DIVLTQSPVSLAVSLGQRATISCRASESVDFYGNSFIYWYQQKPGQAPKLLIYRASNLESGIPARFSGSGSRTDFTLTIHPVEADDVATYYCQQSIEDPRTFGGGTKLEIKRTV
7VUX,MWNPPTFSPALLVVTEGDNATFTCSFSNTSESFVLNWYRMSPSNQTDKLAAFPEDRSQPGQDSRFRVTQLPNGRDFHMSVVRARRNDSGTYLCGAISLAPKAQIKESLRAELRVTERRAEVP,EVKLVESGGGLVQPGGSLRLSCAASGFAFSSYDMSWVRQAPGKRLEWVATISGGGRYTYYPDTVKGRFTISRDNAKNSHYLQMNSLRAEDTAVYFCASPYGGYFDVWGQGTLVTVSS,EIVLTQSPATLSLSPGERATLSCRASQSISNFLHWYQQKPGQAPRLLIKYASQSISGIPARFSGSGSGTDFTLTISSLEPEDFAVYFCQQSNSWPHTFGQGTKVEIKRTV
7WBH,AYTNSFTRGVYYPDKVFRSSVLHSTQDLFLPFFSNVTWFHFDNPVLPFNDGVYFASTNIIRGWIFGTTLDSKTQSLLIVNNATNVVIKVCEFQFCNDPFLHEFRVYSSANNCTFEYVSQPFLKNLREFVFKNIDGYFKIYSKHTPINLVRGLPQGFSALEPLVDLPIGINITRFQTLGAAAYYVGYLQPRTFLLKYNENGTITDAVDCALDPLSETKCTLKSFTVEKGIYQTSNFRVQPTESIVRFPNITNLCPFGEVFNATRFASVYAWNRKRISNCVADYSVLYNSASFSTFKCYGVSPTKLNDLCFTNVYADSFVIRGDEVRQIAPGQTGNIADYNYKLPDDFTGCVIAWNSNNLDSKVGGNYNYLYRLFRKSNLKPFERDISTEIYQAGSTPCNGVKGFNCYFPLQSYGFQPTYGVGYQPYRVVVLSFELLHAPATVCGPKKSTNLVKNKCVNFNFNGLTGTGVLTESNKKFLPFQQFGRDIADTTDAVRDPQTLEILDITPCSFGGVSVITPGTNTSNQVAVLYQGVNCTEVSNVFQTRAGCLIGAEHVNNSYECDIPIGAGICAVASQSIIAYTMSLGVENSVAYSNNSIAIPTNFTISVTTEILPVSMTKTSVDCTMYICGDSTECSNLLLQYGSFCTQLNRALTGIAVEQDKNTQEVFAQVKQIYKTPPIKDFGGFNFSQILPDPSKPSKRSPIEDLLFNKVTLQKFNGLTVLPPLLTDEMIAQYTSALLAGTITSGWTFGAGPALQIPFPMQMAYRFNGIGVTQNVLYENQKLIANQFNSAIGKIQDSLSSTPSALGKLQDVVNQNAQALNTLVKQLSSNFGAISSVLNDILSRLDPPEAEVQIDRLITGRLQSLQTYVTQQLIRAAEIRASANLAATKMSECVLGQSKRVDFCGKGYHLMSFPQSAPHGVVFLHVTYVPAQEKNFTTAPAICHDGKAHFPREGVFVSNGTHWFVTQRNFYEPQIITTDNTFVSGNCDVVIGIVNNTVYDPLQPELD,QVQLVQSGSELKKPGASVKVSCKASGYTFTDYGMNWVRQAPGQGLEWMGWINTYSGEPTYADDFRGRFVFSLDTSVSTAYLQICSLKAEDTAVYYCARGGNWDWYFDVWGQGTLVTVS,DIQMTQSPSSLSASVGDRVTITCRASQSVSNFLHWYQQKPGKAPKLLIYYASQSISGVPSRFSGSGSGTDFTLTISSLQPEDFATYYCQQSNTWPLTFGQGTKLEIK
7WCP,AYTNSFTRGVYYPDKVFRSSVLHSTQDLFLPFFSNVTWFHNPVLPFNDGVYFASTEKSNIIRGWIFGTTLDSKTQSLLIVNNATNVVIKVCEFQFCNDPFLGVYSSANNCTFEYVSQPFLKNLREFVFKNIDGYFKIYSKHTPPQGFSALEPLVDLPIGINITRFQTLLAAYYVGYLQPRTFLLKYNENGTITDAVDCALDPLSETKCTLKSFTVEKGIYQTSNFRVQPTESIVPNITNLCPFGEVFNATRFASVYAWNRKRISNCVADYSVLYNSASFSTFKCYGVSPTKLNDLCFTNVYADSFVIRGDEVRQIAPGQTGKIADYNYKLPDDFTGCVIAWNSNNLDSKVGGNYNYRYRLFRKSNLKPFERDISTEIYQAGSKPCNGVEGFNCYFPLQSYGFQPTNGVGYQPYRVVVLSFEATVCGPKKSTNLVKNKCVNFNFNGLTGTGVLTESNKKFLPFQQFGRDIADTTDAVRDPQTLEILDITPCSFGGVSVITPGTNTSNQVAVLYQGVNCTEVTGSNVFQTRAGCLIGAEHVNNSYECDIPIGAGICAVASQSIIAYTMSLGAENSVAYSNNSIAIPTNFTISVTTEILPVSMTKTSVDCTMYICGDSTECSNLLLQYGSFCTQLNRALTGIAVEQDKNTQEVFAQVKQIYKTPPIKDFGGFNFSQILPDPSKPSKRSPIEDLLFNKVTLQKFNGLTVLPPLLTDEMIAQYTSALLAGTITSGWTFGAGPALQIPFPMQMAYRFNGIGVTQNVLYENQKLIANQFNSAIGKIQDSLSSTPSALGKLQNVVNQNAQALNTLVKQLSSNFGAISSVLNDILSRLDPPEAEVQIDRLITGRLQSLQTYVTQQLIRAAEIRASANLAATKMSECVLGQSKRVDFCGKGYHLMSFPQSAPHGVVFLHVTYVPAQEKNFTTAPAICHDGKAHFPREGVFVSNGTHWFVTQRNFYEPQIITTDNTFVSGNCDVVIGIVNNTVYDPLQPELD,EVQLVESGGGLIQPGGSLRLSCAASEFIVSRNYMSWVRQAPGTGLEWVSVIYPGGSTFYADSVKGRFTISRDNSKNTLYLQMDSLRVEDTAVYYCARDYGDFYFDYWGQGTLVTVSS,EIVMTQSPVSLSVSPGERATLSCRASQGVASNLAWYQQKAGQAPRLLIYGASTRATGIPARFSGSGSGTEFTLTISTLQSEDSAVYYCQQYNDRPRTFGQGTKLEIKRT
7WG3,PEPTIQCGSEPGPSPEWMVRHTLTPGDLRDLRVETIKSNVDLEDSPILMNISWILRADASIRLLKATKICVMGKSHFQSYSCIRCNYTQAFQTQTRPSGGKWTFSYVGFPVELNTVYFIGAHNIPNEDGPSMAVNFTSPGCLDHVMKYKKKCIEAGSLWKPNITACKRSANTVEVNFTTSPLGDRYMALIQSTAVIGTSYVSEKELTRTSVVVHVTGESEGAVVQLTPYFHTCGNDCIRQRGTVVQCPQTG,EVQLQQSGPELVKPGASVKISCKTSGYTFTEYTIHWVKQNHGKSLDWIGGINPNNGGTTYNQEFKGKATLTVDKSSSTAYMEFRSLTSEDSAVYYCARSYYGYVDYWGQGTTLTAAA,QIVLTQSPAIMSASPGEKVTMTCSASSSIYYIHWYQQKSGTSPKRWIYDTSKLASGVPARFSGSGSGTSYSLTISSMEAEDAATYYCQQWSSNPFTFGSGTKLEIKRTV
7WOG,ITNLCPFDEVFNATRFASVYAWNRKRISNCVADYSVLYNLAPFFTFKCYGVSPTKLNDLCFTNVYADSFVIRGDEVRQIAPGQTGNIADYNYKLPDDFTGCVIAWNSNKLDSKVSGNYNYLYRLFRKSNLKPFERDISTEIYQAGNKPCNGVAGFNCYFPLRSYSFRPTYGVGHQPYRVVVLSFELLHAPATVCGPK,EVQLVESGGGLVQPGGSLRLSCAASGFTFSSYAMNWVRQAPGKGLEWVSTISGSGGSTYYADSVKGRFTISRDNSKNTLYLQMNSLRAEDTAVYYCAKDSSSWYNYYGMDVWGQGTTVTVSS,DIVMTQPHPVSESPGKTVTISCTRSSGSIASNYVQWYQQRPGSAPTTVIYEDNQRPSGVPDRFSGSIDSSSNSASLTISGLKTEDEADYYCQSYDSSNHVVFGGGTKVTVLR
7WPE,AYTNSFTRGVYYPDKVFRSSVLHSTQDLFLPFFSNVTWFHVIDNPVLPFNDGVYFASIEKSNIIRGWIFGTTLDSKTQSLLIVNNATNVVIKVCEFQFCNDPFLDFRVYSSANNCTFEYVSQPFLKNLREFVFKNIDGYFKIYSKHTPIDLPQGFSALEPLVDLPIGINITRFQTLLALHRSYLTPGDSSSGWTAGAAAYYVGYLQPRTFLLKYNENGTITDAVDCALDPLSETKCTLKSFTVEKGIYQTSNFRVQPTESIVRFPNITNLCPFDEVFNATRFASVYAWNRKRISNCVADYSVLYNLAPFFTFKCYGVSPTKLNDLCFTNVYADSFVIRGDEVRQIAPGQTGNIADYNYKLPDDFTGCVIAWNSNKLDSKVSGNYNYLYRLFRKSNLKPFERDISTEIYQAGNKPCNGVAGFNCYFPLRSYSFRPTYGVGHQPYRVVVLSFELLHAPATVCGPKKSTNLVKNKCVNFNFNGLKGTGVLTESNKKFLPFQQFGRDIADTTDAVRDPQTLEILDITPCSFGGVSVITPGTNTSNQVAVLYQGVNCTEVSNVFQTRAGCLIGAEYVNNSYECDIPIGAGICASYQTQSIIAYTMSLGAENSVAYSNNSIAIPTNFTISVTTEILPVSMTKTSVDCTMYICGDSTECSNLLLQYGSFCTQLKRALTGIAVEQDKNTQEVFAQVKQIYKTPPIKYFGGFNFSQILPDPSKPSKRSFIEDLLFNKVTLKFKGLTVLPPLLTDEMIAQYTSALLAGTITSGWTFGAGAALQIPFAMQMAYRFNGIGVTQNVLYENQKLIANQFNSAIGKIQDSLSSTASALGKLQDVVNHNAQALNTLVKQLSSKFGAISSVLNDIFSRLDPPEAEVQIDRLITGRLQSLQTYVTQQLIRAAEIRASANLAATKMSECVLGQSKRVDFCGKGYHLMSFPQSAPHGVVFLHVTYVPAQEKNFTTAPAICHDGKAHFPREGVFVSNGTHWFVTQRNFYEPQIITTDNTFVSGNCDVVIGIVNNTVYDPLQPELD,QVQLVQSGAEVKKPGSSVKVSCKASGGTFSSYAISWVRQAPGQGLEWMGRIIPIFGTANYAQKFQGRVTITADESTSTAYMELSSLRSEDTAVYYCASLASYSSGWEDVFDIWGQGTMVTVSS,DIQMTQSPSSLSASVGDRVTITCRASQGISSWLAWYQQKPGKAPKLLIYDASNLETGVPSRFSGSGSGTDFTFTISSLQPEDIATYYCQQYDNLPLTFGGGTKVEIKRTV
7WRL,NLCPFDEVFNATRFASVYAWNRKRISNCVADYSVLYNLAPFFTFKCYGVSPTKLNDLCFTNVYADSFVIRGDEVRQIAPGQTGNIADYNYKLPDDFTGCVIAWNSNKLDSKVSGNYNYLYRLFRKSNLKPFERDISTEIYQAGNKPCNGVAGFNCYFPLRSYSFRPTYGVGHQPYRVVVLSFATVCG,QVQLVQSGAEVKKPGSSVKVSCKASGDIYSTYASSWVRQAPGQGLEWMGRIIPVSGTVNYADNFQGRVTITADKSTSTAYMELRSLTSEDTAVYYCARDVARGGYSGTDFFDYYYGMDVWGQGT,SALTQPASVSGSPGQSITISCTGTSSDVGGYNYVSWYQQHPDKAPKLLIYDVNNRPSGVSTRFSGSKSGNTASLTISRLQTDDEADYSCSSYTSSNTWVFGGGTK
7WRO,NLCPFGEVFNATRFASVYAWNRKRISNCVADYSVLYNSASFSTFKCYGVSPTKLNDLCFTNVYADSFVIRGDEVRQIAPGQTGKIADYNYKLPDDFTGCVIAWNSNNLDSKVGGNYNYRYRLFRKSNLKPFERDISTEIYQAGSKPCNGVEGFNCYFPLQSYGFQPTNGVGYQPYRVVVLSFE,EVHLVESGGGLVKPGGSLRLSCAASGFTFSNYAMNWVRQAPGKGLQWVSSITGSSSFIFYADSVKGRFTIVRDNAQNSLYLQMNSLRDEDTAVYYCARERDDYDTRLDWGQGTLVTVS,PMLTQPPSVSGAPGQTVTISCVGSSSNIGAGYEVHWYQQLPGTAPKRLLSGNSDRPSGVPDRFSGSKSGTSASLAITGLQADDEADYYCQSYDSSLSLSAVVFGGGTKLTV
7WSC,NLCPFDEVFNATRFASVYAWNRKRISNCVADYSVLYNLAPFFTFKCYGVSPTKLNDLCFTNVYADSFVIRGDEVRQIAPGQTGNIADYNYKLPDDFTGCVIAWNSNKLDSKVSGNYNYLYRLFRKSNLKPFERDISTEIYQAGNKPCNGVAGFNCYFPLRSYSFRPTYGVGHQPYRVVVLSFATVCG,QVQLVESGGGVVQPGRSLRLSCAASGFIFSRYDIHWVRQTPGKGLEWVALIRYDGSDKYYADSVKGRFTISRDNSKNTLYLQMNSLRVEDTAVYYCAKEGIQGYSGYDYFWTGFYFDYWGQGTL,VVMTQSPLSLPVTPGEPASISCRSSQSLLQSNGYNYLDWYLQKPGQSPQLLIYLGSNRASGVPDRFSGSGSGTDFTLKISRVEAEDVGIYYCMQALQTPLTFGGGTKV
7X6A,TQSYTNSFTRGVYYPDKVFRSSVLHSTQDLFLPFFSNVTWFHAIHVSGTNGTKRFDNPVLPFNDGVYFASTEKSNIIRGWIFGTTLDSKTQSLLIVNNATNVVIKVCEFQFCNDPFLDVYYHKNNKSWMESEFRVYSSANNCTFEYVSQPFLMDLEGKQGNFKNLREFVFKNIDGYFKIYSKHTPINLGRDLPQGFSALEPLVDLPIGINITRFQTLLALHRSYLTPGDSSSGWTAGAAAYYVGYLQPRTFLLKYNENGTITDAVDCALDPLSETKCTLKSFTVEKGIYQTSNFRVQPTESIVRFPNITNLCPFDEVFNATRFASVYAWNRKRISNCVADYSVLYNFAPFFAFKCYGVSPTKLNDLCFTNVYADSFVIRGNEVSQIAPGQTGNIADYNYKLPDDFTGCVIAWNSNKLDSKVGGNYNYLYRLFRKSNLKPFERDISTEIYQAGNKPCNGVAGFNCYFPLRSYGFRPTYGVGHQPYRVVVLSFELLHAPATVCGPKKSTNLVKNKCVNFNFNGLTGTGVLTESNKKFLPFQQFGRDIADTTDAVRDPQTLEILDITPCSFGGVSVITPGTNTSNQVAVLYQGVNCTEVPVAIHADQLTPTWRVYSTGSNVFQTRAGCLIGAEYVNNSYECDIPIGAGICASYQTQSQSIIAYTMSLGAENSVAYSNNSIAIPTNFTISVTTEILPVSMTKTSVDCTMYICGDSTECSNLLLQYGSFCTQLKRALTGIAVEQDKNTQEVFAQVKQIYKTPPIKYFGGFNFSQILPDPSKPSKRSPIEDLLFNKVTLLICAQKFNGLTVLPPLLTDEMIAQYTSALLAGTITSGWTFGAGPALQIPFPMQMAYRFNGIGVTQNVLYENQKLIANQFNSAIGKIQDSLSSTPSALGKLQDVVNHNAQALNTLVKQLSSKFGAISSVLNDILSRLDPPEAEVQIDRLITGRLQSLQTYVTQQLIRAAEIRASANLAATKMSECVLGQSKRVDFCGKGYHLMSFPQSAPHGVVFLHVTYVPAQEKNFTTAPAICHDGKAHFPREGVFVSNGTHWFVTQRNFYEPQIITTDNTFVSGNCDVVIGIVNNTVYDPLQPELDSFKE,VQLAQSGSELRKPGASVKVSCDTSGHSFTSNAIHWVRQAPGQGLEWMGWINTDTGTPTYAQGFTGRFVFSLDTSARTAYLQISSLKADDTAVFYCARERDYSDYFFDYWGQGTLVTVSS,EVVMTQSPASLSVSPGERATLSCRARASLGISTDLAWYQQRPGQAPRLLIYGASTRATGIPARFSGSGSGTEFTLTISSLQSEDSAVYYCQQYSNWPLTFGGGTKVEIK
7X7T,TNLCPFGEVFNATRFASVYAWNRKRISNCVADYSVLYNSASFSTFKCYGVSPTKLNDLCFTNVYADSFVIRGDEVRQIAPGQTGKIADYNYKLPDDFTGCVIAWNSNNLDSKVGGNYNYLYRLFRKSNLKPFERDISTEIYQAVEGFNCYFPLQSYGFQPTNGVGYQPYRVVVLSFELLHAPATVCG,EVQLQQSGPELVKPGASVKISCKTSGYTFTEYTLHWVKQSHGKSLEWIGGFDPNFGGATYNLKFEDKATLTVDKSSNTAYMELRSLTSEDSAVFYCARGDYGTSYAYFDFWGQGTTLTVSS,DIVLTQSPASLAVSLGQRAAISCRASQSVSTSSHNYVHWYQQRPGQPPKLLIKYASNLECGVPARFSGSGSGTDFTLNIHPVEEEDSAAYYCQHSWEIPYTFGGGTKLEIK
7X8P,GFCQPISIPLCTDIAYNQTIMPNLLGHTNQEDAGLEVHQFYPLVKVQCSPELRFFLCSMYAPVCTVLEQAIPPCRSICERARQGCEALMNKFGFQWPERLRCEHFPRHGAEQICVGQ,EVQLVESGGGLVQPGGSLRLSCAASGFTFSSFNMFWVRQAPGKGLEWVAGIDDDGSYPNYGSAVKGRATISRDNSKNTLYLQMNSLRAEDTAVYYCAKSGGWALGGLITLRWIDAWGQGTLVTV,ELTQPPSVSVSPGQTARITCSGDGSIYRVFSYGWYQQKPGQAPVTLIYLNNKRPSGIPERFSGSLSGSTNTLTISGVQAEDEADYYCGSFGNAPLAFGGGTKLTVLGQP
7XCZ,TNLCPFGEVFNATRFASVYAWNRKRISNCVADYSVLYNSASFSTFKCYGVSPTKLNDLCFTNVYADSFVIRGDEVRQIAPGQTGKIADYNYKLPDDFTGCVIAWNSNNLDSKVGGNYNYRYRLFRKSNLKPFERDISTEIYQAGSKPCNGVEGFNCYFPLQSYGFQPTNGVGYQPYRVVVLSFELLHAPATVCGPK,EVQLQQWGAGLLKPSETLSLTCAVYGESFSGYYWSWIRQSPGKGLEWIGQINHSGNTNYNPSLKSRVTMSVDTSKNQFSLKLSSVTAADTAVYYCARELGHDYWGQGTLVTVSS,EIVMTQSPGTLSLSPGERATLSCRASQSISSSYLAWFQQKPGQAPRLLIYGASSRAPGIPDRFSGSGSGTDFTLTISRLEPEDFAVYYCQQYGDSPLTFGGGTKVDIKRTV
7XDB,PAYTNSFTRGVYYPDKVFRSSVLHSTQDLFLPFFSNVTWFHVDNPVLPFNDGVYFASIEKSNIIRGWIFGTTLDSKTQSLLIVNVVIKVCEFQFCNDPFLDHKNEFRVYSSANNCTFEYVFKNLREFVFKNIDGYFKIYSKHTPIIVREPEDLPQGFSALEPLVDLPIGINITRFQTLLALHRWTAGAAAYYVGYLQPRTFLLKYNENGTITDAVDCALDPLSETKCTLKSFTVEKGIYQTSNFRVQPTESIVRFPNITNLCPFDEVFNATRFASVYAWNRKRISNCVADYSVLYNLAPFFTFKCYGVSPTKLNDLCFTNVYADSFVIRGDEVRQIAPGQTGNIADYNYKLPDDFTGCVIAWNSNKLDSKVSGNYNYLYRLFRKSNLKPFERDISTEIYQAGNKPCNGVAGFNCYFPLRSYSFRPTYGVGHQPYRVVVLSFELLHAPATVCGPKKSTNLVKNKCVNFNFNGLKGTGVLTESNKKFLPFQQFGRDIADTTDAVRDPQTLEILDITPCSFGGVSVITPGTNTSNQVAVLYQGVNCTEVQLTPTWRVYSTGSNVFQTRAGCLIGAEYVNNSYECDIPIGAGICASYQTQASQSIIAYTMSLGAENSVAYSNNSIAIPTNFTISVTTEILPVSMTKTSVDCTMYICGDSTECSNLLLQYGSFCTQLKRALTGIAVEQDKNTQEVFAQVKQIYKTPPIKYFGGFNFSQILPDPSKPSKRSPIEDLLFNKVTRDLICAQKFKGLTVLPPLLTDEMIAQYTSALLAGTITSGWTFGAGPALQIPFPMQMAYRFNGIGVTQNVLYENQKLIANQFNSAIGKIQDSLSSTPSALGKLQDVVNHNAQALNTLVKQLSSKFGAISSVLNDIFSRLDPPEAEVQIDRLITGRLQSLQTYVTQQLIRAAEIRASANLAATKMSECVLGQSKRVDFCGKGYHLMSFPQSAPHGVVFLHVTYVPAQEKNFTTAPAICHDGKAHFPREGVFVSNGTHWFVTQRNFYEPQIITTDNTFVSGNCDVVIGIVNNTVYDPLQPE,VQLVQSGAEVKKPGESLKISCKGSGYSFTSYYWIGWVRQMPGKGLEWMGIVYPDDSDTRYSPSFQGQVTISADKSISTAYLQWSSLKASDTAMYYCVRHPGGGDWYFDLWGRGTLVTV,DIQMTQSPSTLSASVGDRVTITCRASQSISSWLAWYQQKPGKAPKLLIYKASSLESGVPSRFSGSGSGTEFTLTITSLQPDDFATYYCQQYDSFSWTFGQGTKLEI
7XY8,GPPRVKAVKSSEHINEGETAMLVCKSESVPPVTDWAWYKITDSEDKALMNGSESRFFVSSSQGRSELHIENLNMEADPGQYRCNGTSSKGSDQAIITLRV,QVQLVQSGAEVKKPGASVKVSCKASGYTFTSDFMHWVRQAPGQGLEWMGWIYPGDGDTEYNQKFQGRVTLTRDTSISTAYMELSRLRSDDTAVYYCARGRGYVMDAWGQGTTVTVSS,DIQMTQSPSSLSASVGDRVTITCRASQGISNYLNWYQQKPGKAIKPLIYYTSNLQSGVPSRFSGSGSGTDYTLTISSLQPEDFATYFCQQYDSSPRTFGGGTKVEIKRTV
7YDS,AFTVTVPKDLYVVEYGSQMTIECKFPVEKQLDLAALIVYWEMEDKNIIQFVHGEEDLKVQHSSYRQRARLLKDQLSLGNAALQITDVKLQDAGVYRCMISYGGADYKRITVKVNAPY,DVQLVESGGGLVQPGGSLRLSCTVSGIDLSSYDMTWVRQAPGKGLEYIGYISYVSRTYYADSVKGRFTISKDTSKNTVYLQMNSLRAEDTAVYYCARDRPDGAATNLWGQGTLVTVSS,DIQMTQSPSTLSASVGDRVTITCQSSQNVYSNNRLSWYQQKPGKAPKLLIYWTSFLASGVPSRFSGSGSGTEFTLTISSLQPDDFATYYCAGGYSGNLYTFGQGTKLEIKRTV
7YRU,KLYMCVCEGLSCGNEDHCEGQQCFSSLSINDGFHVYQKGCFQVYEQGKMTCKTPPSPGQAVECCQGDWCNRNITAQLP,EVQLVESGGGLVQPGRSLKLSCLASGSTFSNYGMKWIRQAPGKGLEWVASISRSSTYIYYADTVKGRFTISRDNARNTLYLQMTSLRSEDTALYYCAAAISTPFYWYFDFWGPGTVVTVSS,EIVLTQSPTTMAASPGEKVTLNCLASSSVSYMTWYQQKSGASPKLWIYGTSNLASGVPNRFSGSGSGTSYSLAISSMEAEDVATYYCLHLTSYPPYTFGAGTKLELKRA
7Z2M,PRTVMVNLNIHSSDYYNRSTSPWNLHRNEDPERYPSVIWEAKCRHLGCINADGNVDYHMNSVPIQQEILVLRREPPHSPNSFRLEKILVSVGCTCVTPIVHHV,EVQLVQSGAEVKKPGESLKISCKGSGYSFTSYWIGWVRQMPGKGLEWMGIIYPSDSDTRYSPSFQGQVTISADKSISTAYLQWSSLKASDTAMYYCARYPNYGAFDIWGQGTMVTVSS,EIVLTQSPATLSLSPGERATLSCRASQSVFSYLAWYQQKPGQAPRLLIYDASNRATGIPARFSGSGSGTDFTLTISSLEPEDFAVYYCQQYFYWGWPFGQGTKLEIKRTV
7ZLK,WVTVYYGVPVWKEATTTLFCASDAKAYDTEVRNVWATHCCVPTDPNPQEVVLENVTENFNMWKNDMVEQMHEDIISLWDQSLKPCVKLTPLCVTLNCTDYERGEIKNCSFNITTSIRDKVQKEYALFYKLDIVPINNSYRLINCNTSVIKQACPKVSFEPIPIHYCAPAGFAILKCNDKKFNGTGPCTNVSTVQCTHGIRPVVSTQLLLNGSLAEKEVVIRSQNFTNNAKVIIVQLNESVVINCTRPNNNTRKSIHIAPGRWFYTTGAIIGDIRQAHCNISRVKWNNTLKQIATKLREQFKNKTIAFNQSSGGDPEIVMHSFNCGGEFFYCNTTQLFNSTWNDHITLPCRIKQIINMWQKVGKAMYAPPIRGQIRCSSNITGLLLTRDGGSNENKTSETETFRPAGGDMRDNWRSELYKYKVVKIEPLGVAPTKCK,QVQLQQWGGGLLKPSQTLSLTCAVYRWTFNDHYWSWVRQSPGKGLEWIGEISWGGATNYNPSLKSRVTMSVDTSMSHVSLKMTSVTAADTGVYYCVRVGPGPHMAALDYWGHGSRVLVSS,DIVMTQTPLSSPVTLGQPASISCGSSQSLVHSDGNTYLSWLQQRPGQPPRLLIYKISNRISGLPDRFSGSGAETNFTLKISRVEAEDVGLYYCVQGTQFPWTSGQGTKVEIK
7ZWI,KVIHGCNFSSNVSSKHTFTDSLDISLVDDSAHISCNVHLSEPKYNHLVGLNCPGDIIPDCFFQVYQPESEELEPSNIVYLDSQINIGDIEYYEDAEGDDKIKLFGIVGSIPKTTSFTCICKKDKKSAYMTVTIDSA,DVKLVESGGGLVKLGGSLKLSCAASGFTFSSYYMSWVRQTPEKRLELVAAINNNGGSTYYPDTVKGRFTISRDNAKNTLNLQMNSLKSEDTALYYCTRQHYGNLYFFDYWGQGTTLTVSS,QIVLSQSPAILSASPGEKVTMTCRASSSVTYIHWYQQKPGSSPKPWIQATSSLASGVPARFSGSGSGTSYSLSISRVEAEDAATYYCQQWSSNPLTFGAGTKLELKRA
8ATH,MAMFMVKNGNGTACIMANFSAAFSVNYDTKSGPKNMTFDLPSDATVVLNRSSCGKENTSDPSLVIAFGRGHTLTLNFTRNATRYSVQLMSFVYNLSDTHLFPNASSKEIKTVESITDIRADIDKKYRCVSGTQVHMNNVTVTLHDATIQAYLSNSSFSRGETRCEQDR,QVQLVQSGAEVKKPGSSVKVSCKASGYIFTNYNIHWVKKSPGQGLEWIGAIYPGNGDAPYSQKFQGKATLTADTSTSTTYMELSSLRSEDTAVYYCVRANWDVAFAYWGQGTLVTVSS,DIQMTQSPSSLSASVGDRVTITCKASQDIDRYMAWYQDKPGKAPRLLIHDTSTLQSGVPSRFSGSGSGRDYTLTISNLEPEDFATYYCLQYDNLWTFGGGTKVEIKRTV
8C3V,HHHHTNLCPFGEVFNATRFASVYAWNRKRISNCVADYSVLYNSASFSTFKCYGVSPTKLNDLCFTNVYADSFVIRGDEVRQIAPGQTGKIADYNYKLPDDFTGCVIAWNSNNLDSKVGGNYNYRYRLFRKSNLKPFERDISTEIYQAGSKPCNGVEGFNCYFPLQSYGFQPTNGVGYQPYRVVVLSFELLHAPATVC,QVQLVESGGGLVKPGGSLRLSCAASGFTFRYAWMNWVRQAPGKGLEWVGRIRSKTDGETTDHAAPVKGRFAISRDDSENTLYLQMNSLKTEDTAVYYCTTDWVRGTLLEHDAYDVWGQGTMVTV,DIQMTQSPSSLSASVGDRVTITCRAGQSISTFLNWYQQKPGKAPKLLIYAASSLQSGVPSRFSGSGSGTDFTLTISSLQREDFATYYCQQSYSMSSFGGGTKVEIKRTV
8CII,TNLCPFGEVFNATRFASVYAWNRKRISNCVADYSVLYNSASFSTFKCYGVSPTKLNDLCFTNVYADSFVIRGDEVRQIAPGQTGKIADYNYKLPDDFTGCVIAWNSNNLDSKVGGNYNYRYRLFRKSNLKPFERDISTEIYQAGSKPCNGVEGFNCYFPLQSYGFQPTNGVGYQPYRVVVLSFEL,EVQLVQSGAEVKEPGSSVKVSCKASGGSFSTSGISWVRQAPGQGLEWMGVIIPIQGTGNYAQKFQGRVTITADESTTTVYMELSSLRSDDTALYYCARDQHIYDSSGHGGLWFDPWGQGTLVTV,AIRMTQSPSSLSASVGDRVTITCRASQSISSYLNWYQQKPGKAPKVLIYGASSLHSGVPSRFSGSGSGTDFTLTISRLQPEDFATYYCQQSHSSPRSFGGGTKVEIKRTV
8CIN,TQSYTNSFTRGVYYPDKVFRSSVLHSTQDLFLPFFSNVTWFHANPVLPFNDGVYFASTEKSNIIRGWIFGTTLDSKTQSLLIVNNATNVVIKVCEFQFCNDPFLDVSEFRVYSSANNCTFEYVSFKNLREFVFKNIDGYFKIYSKHTPINRDLPQGFSALEPLVDLPIGINITRFQTLLAAGAAAYYVGYLQPRTFLLKYNENGTITDAVDCALDPLSETKCTLKSFTVEKGIYQTSNFRVQPTESIVRFPNITNLCPFDEVFNATRFASVYAWNRKRISNCVADYSVLYNFAPFFAFKCYGVSPTKLNDLCFTNVYADSFVIRGNEVSQIAPGQTGNIADYNYKLPDDFTGCVIAWNSNKLDSKVGGNYNYRYRLFRKSNLKPFERDISTEIYQAGNKPCNGVAGVNCYFPLQSYGFRPTYGVGHQPYRVVVLSFELLHAPATVCGPKKSTNLVKNKCVNFNFNGLTGTGVLTESNKKFLPFQQFGRDIADTTDAVRDPQTLEILDITPCSFGGVSVITPGTNTSNQVAVLYQGVNCTEVPVAIHADQLTPTWRVYSTGSNVFQTRAGCLIGAEYVNNSYECDIPIGAGICASYQTSQSIIAYTMSLGAENSVAYSNNSIAIPTNFTISVTTEILPVSMTKTSVDCTMYICGDSTECSNLLLQYGSFCTQLKRALTGIAVEQDKNTQEVFAQVKQIYKTPPIKYFGGFNFSQILPDPSKPSKRSFIEDLLFNKVTLADAGFIKQYGDCLGDIAARDLICAQKFNGLTVLPPLLTDEMIAQYTSALLAGTITSGWTFGAGAALQIPFAMQMAYRFNGIGVTQNVLYENQKLIANQFNSAIGKIQDSLSSTASALGKLQDVVNHNAQALNTLVKQLSSKFGAISSVLNDILSRLDPPEAEVQIDRLITGRLQSLQTYVTQQLIRAAEIRASANLAATKMSECVLGQSKRVDFCGKGYHLMSFPQSAPHGVVFLHVTYVPAQEKNFTTAPAICHDGKAHFPREGVFVSNGTHWFVTQRNFYEPQIITTDNTFVSGNCDVVIGIVNNTVYDPLQPELDS,QVQLVESGPGLVKPSETLSLTCSVSGGSIDNFYWSWIRQPPGKGLEWIGNIYYGGSGNYNPSLKSRVTISVDTSKNQVSLKLRSVTAADTAVYYCARDSVWYTGSYGLIYWGPGTLVTVSS,SVVTQPASVSGSPGQSITISCTGTSSDVGSYNLVSWFQQHPGKAPKLMIYEVTKRPSGISNRFSGSKSGNTASLTISRLQAEDEADYYCCSYAGSSTVVFGGGTKLTVLGQP
8CZ5,ISPADLLTTPVLTGVGTDNRWNGEIVGLQPVPGGFSTCNRHWNLNGSTFGWSSPRFAAIDHDRGNASYPGSSSSNVLELWYASAGSAADNPISQIAPDGFPDMSFVPFSGTTVPTAGWVGFGGIWNSSNGAPFVTTVQAYELGFATGAPSNPQPTTTTSGAQIVAKSIYGVATGINQATAGLFVMASGVISTPNSSAITYTPQPNRIVNAPGTPAAAPIGKNTPIMFASVVRRTGDINAEAGSTNGTQYGAGSQPLPVTVGLSLNNYSSALMPGQFFVWQLNFASGFMELGLSVDGYFYAGTGASATLIDLSELVDIRPVGPRPSTSTLVYNL,QIQLVQSGPELKKPGETVKISCKASGYTFTKYGLNWVRQAPGKGLKWMGWIDTYTGEPTYADDFKGRFAFSLETSANTAYLQINYLKDEDMATYFCTRYDYGEGSGPQFTYWGQGTLVTVSA,ELVMTQTPASLSVSVGETVTITCRASDNIYSNLAWYQQKQGKSPQLLVFAATNLADGVPSRFSGSGSGTQYSLKINSLQSEDFGNYYCQHFWGIPWTFGGGTKLELKRA
8D9Z,IRCFITPDVTSQACPDGHVCYTKMWCDNFCGMRGKRVDLGCAATCPKVKPGVNIKCCSRDNCNPFPTR,EVQLVESGGGFVQPGGSLRLSCAASGFTFSNFDMHWVRQSPGKGLEWVSGLDHSGGAHYAGSVKGRFTISREDAKNSLDLQMNNLRVDDTAVYFCVRGTLYHYTSGSYYSDAFDIWGQGTLVTV,EIVLTQSPSSLSASVGDRVTITCQASQDISNYLNWYQQKPGKAPKLLIYAASSLESGVPSRFSGSGSGTDFTLTISSQQPEDFATYYCQQANSFPYTFGQGTKVEIKRTV
8DAD,NLCPFGEVFNATRFASVYAWNRKRISNCVADYSVLYNSASFSTFKCYGVSPTKLNDLCFTNVYADSFVIRGDEVRQIAPGQTGKIADYNYKLPDDFTGCVIAWNSNNLDSKVGGNYNYLYRLFRKSNLKPFERDISTEIYQAGSTPCNGVEGFNCYFPLQSYGFQPTNGVGYQPYRVVVLSFELLHAPATVCGP,QVQLVQSGPEVKKPGTSVKVSCKASQFTFSISAVQWVRQARGQRLEWMGWIVVGSGNTDYAQRFQERVTISRDMSAGTVYMELRSLRSEDTAVYYCAAPYCNKTNCRDGFDMWGQGTMVTVSS,IVLTQSPGTLSLSPGERATLSCRASQSVSSSYLAWYQQKPGQAPRLLIYGASRRATGIPDRFSGSASGTDFILTISRLEPEDFAVYYCQQYRNSPWTFGQGTKVEIK
8DG9,QNITEEFYQSTCSAVSKGYLSALRTGWYTSVITIELSNIKDAKVKLIKQELDKYKNAVTELQLLMFLGFLLGVGSAIASGVAVCKVLHLEGEVNKIKSALLSTNKAVVSLSNGVSVLTFKVLDLKNYIDKQLLPILCSISNIETVIEFQQKNNRLLEITREFSVNAGVTTPVSTYMLTNSELLSLINDMPITNDQKKLMSNNVQIVRQQSYSIMCIIKEEVLAYVVQLPLYGVIDTPCWKLHTSPLCTTNTKEGSNICLTRTDRGWYCDNAGSVSFFPQAETCKVQSNRVFCDTMNSLTLPSEVNLCNVDIFNPKYDCKIMTSKTDVSSSVITSLGAIVSCYGKTKCTASNKNRGIIKTFSNGCDYVSNKGVDTVSVGNTLYYVNKQEGKSLYVKGEPIINFYDPLVFPSDEFDASISQVNEKINQSLAFIRKSDELL,EVQVVESGGGLVKPGGSLRLSCAASGFPFSSYKMDWVRQAPGKGLEWVSSISASGSYINYADSVKGRFTISRDNAKNSLYLQMKSLRADDTAVYFCARDGGRELSPFEKWGQGILVTVSS,QSVLTQPPSVSGAPGQRVTISCTGTNSNIGTGYDVHWYQQLPGTAPKVVLFDNNNRPSGVPDRFSGSKSGTSAALAITGLQAEDEAVYYCQSYDKSLGGWVFGGGTKLTVL
8DS5,SCPERHYWAQGKLCCQMCEPGTFLVKDCDQHRKAAQCDPCIPGVSFSPDHHTRPHCESCRHCNSGLLVRNCTITANAECACRNGWQCRDKECTECD,EIQLVQSGAEVKKPGASVKVSCKASGYTFTNYGMNWVKQAPGQGLKWMGWINTNTGEPTYAEEFKGRFTFTLDTSISTAYMELSSLRSEDTAVYYCAREGDAMDYWGQGTTVTVSS,EIVLTQSPATLSLSPGERATLSCSASSSVSYMHWYQQKPGQAPKRWIYDTSKLASGVPARFSGSGSGTDYSLTISSLEPEDFAVYYCQQWNSYPFTFGQGTKLEIKRTV
8DXT,NLCPFGEVFNATRFASVYAWNRKRISNCVADYSVLYNSASFSTFKCYGVSPTKLNDLCFTNVYADSFVIRGDEVRQIAPGQTGKIADYNYKLPDDFTGCVIAWNSNNLDSKVGGNYNYLYRLFRKSNLKPFERDISTEIYQAGSTPCNGVEGFNCYFPLQSYGFQPTNGVGYQPYRVVVLSFELLHAPATVCGPKG,EVQLVQSGGGLVQPGGSLRLSCAASGFTFSSYAMSWVRQAPGKGLEWVLSISGSGGSTYYADSVKGRFTISIDNSKKTVYLQMNSLRAEDTAVYYCAKSGEQQLVQAEYFHHWGQGTLVTVSS,DIQMTQSPSTLSASVGDRVTITCRASQSIGRWLAWYQQKPGKAPKLLIYDASSLESGVPSRFSGSGFGTEFTLTISSLQPDDFATYYCQQCDSLLTFGGGTKLEIKRTV
8DXU,TNLCPFGEVFNATRFASVYAWNRKRISNCVADYSVLYNSASFSTFKCYGVSPTKLNDLCFTNVYADSFVIRGDEVRQIAPGQTGKIADYNYKLPDDFTGCVIAWNSNNLDSKVGGNYNYLYRLFRKSNLKPFERDISTEIYQAGSTPCNGVEGFNCYFPLQSYGFQPTNGVGYQPYRVVVLSFELLATVCGPK,QVQLVQSGAEVKKPGASVKVSCKASGYTFSSYDINWVRQAPGQGLEWMGWMSPNSGNTGYAQKFQGRVTMTRSTSMSTAYMELSSLRSEDTAVYFCARMSSSLTNYLDYWGQGTLVTVSS,SYVLTQPPSVAVAPGQTARIRCGENDIGSKNVHWYQQKSGQAPVLVVYDDSDRPSGIPERFSGSNSGNTATLTISRVEAGDEADYYCQVWDSTGDHPDVVFGGGTKLTVLGQP
8E6J,VILTGNSSLCPISGWAIYSKDNGIRIGSKGDVFVIREPFISCSHLECRTFFLTQGALLNDKHSNGTVKDRSPYRTLMSCPVGEAPSPYNSRFESVAWSASACHDGMGWLTIGISGPDNGAVAVLKYNGIITDTIKSWRNNILRTQESECACVNGSCFTIMTDGPSNGQASYKILKIEKGKVTKSIELNAPNYHYEECSCYPDTGKVMCVCRDNWHGSNRPWVSFDQNLDYQIGYICSGVFGDNPRPNDGTGSCGPVSSNGANGIKGFSFRYDNGVWIGRTKSTSSRSGFEMIWDPNGWTETDSSFSVRQDIVAITDWSGYSGSFVQHPELTGLDCMRPCFWVELIRGQPKENTIWTSGSSISFCGVNSDTVGWSWPDGAELPFSI,QVQLQESGPGLVKPSETLSLTCTVSGDSISSSYYYWGWIRQSPVKGLEWIGSFFYSGNTNYNPSLKSRVTISVDTSKNQFSLNLRSVTAADTAVYYCARHVTSISSWNRGVYLDSWGRGALVTV,DIQMTQSPSSLSTSVGDRVTITCRASQTISTYLNWYQQKPGKAPELLIYVASSLQSGVPSRFSGTGSGTEFTLTISSLQPGDFATYYCQQSYSSPFTFGQGTKVEIK
8EZ3,AEYRNWSKPQCNITGFAPFSKDNSIRLSAGGDIWVTREPYVSCDPDKCYQFALGQGTTLNNGHSNDTVHDRTPYRTLLMNELGVPFHLGTKQVCIAWSSSSCHDGKAWLHVCVTGDDENATASFIYNGRLVDSIGSWSKKILRTQESECVCINGTCTVVMTDGSASGKADTKILFIEEGKIVHTSPLSGSAQHVEECSCYPRYPGVRCVCRDNWKGSNRPIVDINVKDYSIVSSYVCSGLVGDTPRKNDSSSSSHCLDPNNEEGGHGVKGWAFDDGNDVWMGRTISEKLRSGYETFKVIEGWSKPNSKLQINRQVIVDRGNRSGYSGIFSVEGKSCINRCFYVELIRGRKQETEVLWTSNSIVVFCGTSGTYGTGSWPDGADINLMPI,QVQLQESGPGLVRPSQTLSLTCTVSGASISDVDFYWTWFRQTPGKGLEWIGYTNSIGNAFYNPSLQSRLTISIDTSDNHFSLRLKSVTAADTAVYYCARSNSNTWSREYFQHWGQGTLVTVSS,SVLTQPPSVSGAPGQRVSISCTGSSSNIGAGFDVHWYQQVPGTAPKLLIYGNSNRPSGVPDRFSASKSGTSASLAITGLQPEDEADYYCQSYDNSLSVNYVFGTGTRVTVL
8F6L,ESCDVQLYIKRQSEHSILAGDPFELECPVKYCANRPHVTWCKLNGTTCVKLEDRQTSWKEEKNISFFILHFEPVLPNDNGSYRCSANFQSNLIESHSTTLYVTD,QVQLVQSGAEVKKPGASVKVSCKASGFSLWTYAMNWVRQAPGQGLEWMGIISDDGTTYYATWAKGRVTMTRDTSTSTVYMELSSLRSEDTAVYYCARDAGAGGVQDYLTLWGQGTLVTVSS,DIVMTQSPDSLAVSLGERATINCQASRNIYNFLAWYQQKPGQPPKLLIYSASTLASGVPDRFSGSGSGTDFTLTISSLQAEDVAVYYCQQGSSNSNIDNPFGGGTKVEIKRTV
8F6O,SCDVQLYIKRQSEHSILAGDPFELECPVKYCANRPHVTWCKLNGTTCVKLEDRQTSWKEEKNISFFILHFEPVLPNDNGSYRCSANFQSNLIESHSTTLYV,VQLVQSGAEVKKPGASVKVSCKASGFSLSSYGVSWVRQAPGQGLEWMGAISYDGITYYASWAKSRVTMTRDTSTSTVYMELSSLRSEDTAVYYCARGDYYDDYVYVYALDIWGQGTLVTVSS,EIVLTQSPGTLSLSPGERATLSCQASQSISTALAWYQQKPGQAPRLLIYAASTLASGIPDRFSGSGSGTDFTLTISRLEPEDFAVYYCQQGYSSSNLDNVFGGGTKVEIKRTV
8FGX,IVGGTNSSWGEWPWQVSLQVKLTAQRHLCGGSLIGHQWVLTAAHCFDGLPLQDVWRIYSGILNLSDITKDTPFSQIKEIIIHQNYKVSEGNHDIALIKLQAPLNYTEFQKPICLPSKGDTSTIYTNCWVTGWGFSEIQNILQKVNIPLVTNEECQKRYQDYKITQRMVCAGKGDSGGPLVCKHNGMWRLVGITSWGQPGVYTKVAEYMDWILEKTQ,QVQLVQSGAEVKKPGSSVKVSCKASGYAFSSYWMNWVRQAPGQGLEWIGQIYPGDDDTNYNAKFQGRVTITVDKSTTTAYMELSSLRSEDTAVYFCAGSLMVTTGAPFDYWGQGTTVTVSS,DIQMTQSPSSLSASVGDRVTITCKASQDVGIAVAWYQQKPGKAPKFLIYYASHRGWGVPDRFSGSGSGTDFTLTISSLQPEDFATYFCQQYRSYPLTFGQGTKLEIKRTV
8G3P,AEYRNWSKPQCGITGFAPFSKDNSIRLSAGGDIWVTREPYVSCDLDKCYQFALGQGTTLNNVHSNNTVRDRTPYRTLLMNELGVPFHLGTKQVCIAWSSSSCHDGKAWLHVCITGDDKNATASFIYNGRLVDSVVSWSNDILRTQESECVCINGTCTVVMTDGNATGKADTKILFIEEGKIVHTSKLSGSAQHVEECSCYPRYPGVRCVCRDNWKGSNRPIIDINIKDHSIVSSYVCSGLVGDTPRKSDSSSSSHCLNPNNEEGGHGVKGWAFDDGNDVWMGRTINETSRLGYETFKVVEGWSNPKSKLQINRQVIVDRGDRSGYSGIFSVEGKSCINRCFYVELIRGRKEETEVLWTSNSIVVFCGTSGTYGTGSWPDGADLNLMHT,QVHLVQSGAEVKEPGSSVTVSCKASGGSFNNQAISWVRQAPGQGLEWMGGIFPISGTPTSAQRFQGRVTFTADESTTTVYMDLSSLRSDDTAVYYCARAGSDYFNRDLGWENYYFASWGQGTLV,EIVMTQSPATLSLSSGERATLSCRASRSVSSNLAWYQQKPGQAPRLLIYDASTRATGFSARFAGSGSGTEFTLTISSLQSEDSAIYYCQQYNNWPPWTFGQGTKVEIKRT
8G4P,ARRCQSQLERANLRPCEQHLMQKIQRDSQHQERCCNELNEFENNQRCMCEALQQIMENQSDRLQGRQQEQQFKRELRNLPQQCGLRAPQRCDLD,QVQLQESGPGLVKPSETLSLTCTVSGGSMSSYYWGWIRQPAGRGLEWIGRIFTTGSTIYNASLNSRVSMSVDTSKNQFSLKLTSVTAADTALYFCVRDRRGRSHDSNWYWYFDLWGRGTLVTVS,DIVMTQSPSSLSASVGDRVIITCRTSQTLSRNLNWYQQKPGEAPKLLIYGASTLQSGVPSRFTGSGSGTDFTLIISSLQPEDFATYYCQQSDNTPRTFGQGTKVEIKRTV
8GB6,TNLCPFGEVFNATRFASVYAWNRKRISNCVADYSVLYNSASFSTFKCYGVSPTKLNDLCFTNVYADSFVIRGDEVRQIAPGQTGKIADYNYKLPDDFTGCVIAWNSNNLDSKVGGNYNYLYRLFRKSNLKPFERDISTEIYQAGSTPCNGVEGFNCYFPLQSYGFQPTNGVGYQPYRVVVLSFELLHAPATVCGP,EVRLVESGGGLVQPGGSLRLSCAASGFTFSDYYISWVRQAPGRGPEWVGFIRNVLYRGTTEYAPSVKGRFIISRDDSRAIASLQMNGLKADDTAVYYCALGASGTDRDWFDVWGPGVLVTVSS,DIQMTQSPSSLSASVGDTVTITCRASQDISNSLAWYQQKPGKAPKALIYYASNLESGVPSRFSGSGSGTDFTLTISSLQPEDFATYYCQQHNNYPFTFGPGTKVDIKRTV
8GZZ,NLCPFDEVFNATRFASVYAWNRKRISNCVADYSVLYNLAPFFTFKCYGVSPTKLNDLCFTNVYADSFVIRGDEVRQIAPGQTGNIADYNYKLPDDFTGCVIAWNSNKLDSKVSGNYNYLYRLFRKSNLKPFERDISTEIYQAGNKPCNGVAGFNCYFPLRSYSFRPTYGVGHQPYRVVVLSFELLHAPATVCGP,QSLEESGGDLVKPGASLTLTCTASGFSFSSGYDMCWVRQAPGKGLEWIACIGTGSSGNIYYASWAKGRFTISKTSSTTVTLQMTSLTAADTATYFCARDDADYAGPDYFNLWGPGTLVTVSS,DIVMTQTPASVSEPVGGTVTIKCQASESISNWLAWYQQKPGQPPKLLIYAAFTLASGVPSRFKGSGSGTQFTLTINGVECADAATYYCQQTYSSRDVDNVFGGGTEVVVKG
8HC4,QCVNLTTRTQLPPAYTNSFTRGVYYPDKVFRSSVLHSTQDLFLPFFSNVTWFHAIHVTKRFDNPVLPFNDGVYFASTEKSNIIRGWIFGTTLDSKTQSLLIVNNATNVVIKVCEFQFCNDPFLGVYYHKNNKSWMESEFRVYSSANNCTFEYVSQPFLMDLEGKQGNFKNLREFVFKNIDGYFKIYSKHTPINLVRDLPQGFSALEPLVDLPIGINITRFQTLLALHRSYLTPGDSSSGWTAGAAAYYVGYLQPRTFLLKYNENGTITDAVDCALDPLSETKCTLKSFTVEKGIYQTSNFRVQPTESIVRFPNITNLCPFGEVFNATRFASVYAWNRKRISNCVADYSVLYNSASFSTFKCYGVSPTKLNDLCFTNVYADSFVIRGDEVRQIAPGQTGKIADYNYKLPDDFTGCVIAWNSNNLDSKVGGNYNYLYRLFRKSNLKPFERDISTEIYQAGSTPCNGVEGFNCYFPLQSYGFQPTNGVGYQPYRVVVLSFELLHAPATVCGPKKSTNLVKNKCVNFNFNGLTGTGVLTESNKKFLPFQQFGRDIADTTDAVRDPQTLEILDITPCSFGGVSVITPGTNTSNQVAVLYQDVNCNVFQTRAGCLIGAEHVNNSYECDIPIGAGICASYQTSQSIIAYTMSLGAENSVAYSNNSIAIPTNFTISVTTEILPVSMTKTSVDCTMYICGDSTECSNLLLQYGSFCTQLNRALTGIAVEQDKNTQEVFAQVKQIYKTPPIKDFGGFNFSQILPDPSKPSKRSPIEDLLFNKVTAQKFNGLTVLPPLLTDEMIAQYTSALLAGTITSGWTFGAGPALQIPFPMQMAYRFNGIGVTQNVLYENQKLIANQFNSAIGKIQDSLSSALGKLQDVVNQNAQALNTLVKQLSSNFGAISSVLNDILSRLDPPEAEVQIDRLITGRLQSLQTYVTQQLIRAAEIRASANLAATKMSECVLGQSKRVDFCGKGYHLMSFPQSAPHGVVFLHVTYVPAQEKNFTTAPAICHDGKAHFPREGVFVSNGTHWFVTQRNFYEPQIITTDNTFVSGNCDVVIGIVNNTVYDPLQPELD,EVQLVESGGGLIQPGGSLRLSCAASGLTVSSNYMHWVRQAPGKGLEWVSVLYAGGSAFYADSVKGRFTISRNNSKNTLYLQMNSLRAEDTAIYYCARGLGDYLDSWGQGTLVTVSS,DIQMTQSPSSVSASVGDRVTITCRASQGIGSWLAWYQQKPGKAPQLLIYAASTLQSGVPPRFSGSGSGTDFTLTITSLQPEDFASYYCQQANSVLALTFGGGTKVEIKRTV
8HEB,CVNLTTRTQLPPAYTNSFTRGVYYPDKVFRSSVLHSTQDLFLPFFSNVTWFHRFDNPVLPFNDGVYFASTEKSNIIRGWIFGTTLDSKTQSLLIVNNATNVVIKVCEFQFCNDPFLGVWMESEFRVYSSANNCTFEYVSKNLREFVFKNIDGYFKIYSKHTPINLVRDLPQGFSALEPLVDLPIGINITRFQTLLAWTAGAAAYYVGYLQPRTFLLKYNENGTITDAVDCALDPLSETKCTLKSFTVEKGIYQTSNFRVQPTESIVRFPNITNLCPFGEVFNATRFASVYAWNRKRISNCVADYSVLYNSASFSTFKCYGVSPTKLNDLCFTNVYADSFVIRGDEVRQIAPGQTGKIADYNYKLPDDFTGCVIAWNSNNLDSKVGGNYNYLYRLFRKSNLKPFERDISTEIYQAGSTPCNGVEGFNCYFPLQSYGFQPTNGVGYQPYRVVVLSFELLHAPATVCGPKKSTNLVKNKCVNFNFNGLTGTGVLTESNKKFLPFQQFGRDIADTTDAVRDPQTLEILDITPCSFGGVSVITPGTNTSNQVAVLYQDVNCTEVNVFQTRAGCLIGAEHVNNSYECDIPIGAGICASYQTSQSIIAYTMSLGAENSVAYSNNSIAIPTNFTISVTTEILPVSMTKTSVDCTMYICGDSTECSNLLLQYGSFCTQLNRALTGIAVEQDKNTQEVFAQVKQIYKTPPIKDFGGFNFSQILPDPSKPSKRSFIEDLLFNKVTLAQKFNGLTVLPPLLTDEMIAQYTSALLAGTITSGWTFGAGAALQIPFAMQMAYRFNGIGVTQNVLYENQKLIANQFNSAIGKIQDSLSSTASALGKLQDVVNQNAQALNTLVKQLSSNFGAISSVLNDILSRLDPPEAEVQIDRLITGRLQSLQTYVTQQLIRAAEIRASANLAATKMSECVLGQSKRVDFCGKGYHLMSFPQSAPHGVVFLHVTYVPAQEKNFTTAPAICHDGKAHFPREGVFVSNGTHWFVTQRNFYEPQIITTDNTFVSGNCDVVIGIVNNTVYDPLQPELDS,QSVEESGGRLVTPGTPLTLTCTVSGFSLSRYAMSWVRQAPGKGLEWIGIIVDSGHTAYASWAKGRFTISRTSTTVDLKMTSLTTEDTATYFCARETGGGAFYVFEFWGPGTVVTVSS,QVLTQTPSSVSAAVGGTVTINCQASEDIYDNLVWYQQKPGQPPKLLIYDASTLAFGVSSRFRGSGSGTHFTLTMRDVQCDDAATYYCQGEFSCSSGDCTAFGGGTEVVVK
8HP9,QCVNLITRTQSYTNSFTRGVYYPDKVFRSSVLHSTQDLFLPFFSNVTWFHAIHDNPVLPFNDGVYFASTEKSNIIRGWIFGTTLDSKTQSLLIVNNATNVVIKVCEFQFCNDPFLDVYYHKNNKSWMESEFRVYSSANNCTFEYVSQPFLMDFKNLREFVFKNIDGYFKIYSKHTPINLGRDLPQGFSALEPLVDLPIGINITRFQTLLALHRSYSSGWTAGAAAYYVGYLQPRTFLLKYNENGTITDAVDCALDPLSETKCTLKSFTVEKGIYQTSNFRVQPTESIVRFPNITNLCPFDEVFNATRFASVYAWNRKRISNCVADYSVLYNFAPFFAFKCYGVSPTKLNDLCFTNVYADSFVIRGNEVSQIAPGQTGNIADYNYKLPDDFTGCVIAWNSNKLDSKVGGNYNYLYRLFRKSNLKPFERDISTEIYQAGNKPCNGVAGFNCYFPLRSYGFRPTYGVGHQPYRVVVLSFELLHAPATVCGPKKSTNLVKNKCVNFNFNGLTGTGVLTESNKKFLPFQQFGRDIADTTDAVRDPQTLEILDITPCSFGGVSVITPGTNTSNQVAVLYQGVNCTEVPVTGSNVFQTRAGCLIGAEYVNNSYECDIPIGAGICASYQTQSQSIIAYTMSLGAENSVAYSNNSIAIPTNFTISVTTEILPVSMTKTSVDCTMYICGDSTECSNLLLQYGSFCTQLKRALTGIAVEQDKNTQEVFAQVKQIYKTPPIKYFGGFNFSQILPDPSKPSKRSPIEDLLFNKVTLADAQKFNGLTVLPPLLTDEMIAQYTSALLAGTITSGWTFGAGPALQIPFPMQMAYRFNGIGVTQNVLYENQKLIANQFNSAIGKIQDSLSSTPSALGKLQDVVNHNAQALNTLVKQLSSKFGAISSVLNDILSRLDPPEAEVQIDRLITGRLQSLQTYVTQQLIRAAEIRASANLAATKMSECVLGQSKRVDFCGKGYHLMSFPQSAPHGVVFLHVTYVPAQEKNFTTAPAICHDGKAHFPREGVFVSNGTHWFVTQRNFYEPQIITTDNTFVSGNCDVVIGIVNNTVYDPLQPELDS,QITLKESGPTLVKPTQTLTLTCTFSGFSLSTSGVGVAWIRQPPGKALEWLALIYWDNDKRSSPSLNNRLTITKDTSKNQVVLTMTNMDPEDTATYYCAHFFSHYDSSNYYYGSWFDPWGQGTLV,EIVLTQSPGTLSLSPGERATLSCRASQSFDSRYLGWYQQKSGQAPRLLIYGASSRATGIPDRFSGSGSGTDFTLTISRLEPEDFAVYYCQQFGDSPFTFGQGTKLEIKRTV
8HPV,QCVNLTTRTQLPPAYTNSFTRGVYYPDKVFRSSVLHSTQDLFLPFFSNVTWFHAIHKRFDNPVLPFNDGVYFASTEKSNIIRGWIFGTTLDSKTQSLLIVNNATNVVIKVCEFQFCNDPFLGVYYMESEFRVYSSANNCTFEYVSQPFLNFKNLREFVFKNIDGYFKIYSKHTPINLVRDLPQGFSALEPLVDLPIGINITRFQTLLALHRSGWTAGAAAYYVGYLQPRTFLLKYNENGTITDAVDCALDPLSETKCTLKSFTVEKGIYQTSNFRVQPTESIVRFPNITNLCPFGEVFNATRFASVYAWNRKRISNCVADYSVLYNSASFSTFKCYGVSPTKLNDLCFTNVYADSFVIRGDEVRQIAPGQTGKIADYNYKLPDDFTGCVIAWNSNNLDSKVGGNYNYLYRLFRKSNLKPFERDISTEIYQAGSTPCNGVEGFNCYFPLQSYGFQPTNGVGYQPYRVVVLSFELLHAPATVCGPKKSTNLVKNKCVNFNFNGLTGTGVLTESNKKFLPFQQFGRDIADTTDAVRDPQTLEILDITPCSFGGVSVITPGTNTSNQVAVLYQDVNCTEVNVFQTRAGCLIGAEHVNNSYECDIPIGAGICASYQSIIAYTMSLGAENSVAYSNNSIAIPTNFTISVTTEILPVSMTKTSVDCTMYICGDSTECSNLLLQYGSFCTQLNRALTGIAVEQDKNTQEVFAQVKQIYKTPPIKDFGGFNFSQILPDPSKPSKRSPIEDLLFNKVTNGLTVLPPLLTDEMIAQYTSALLAGTITSGWTFGAGPALQIPFPMQMAYRFNGIGVTQNVLYENQKLIANQFNSAIGKIQDSLSSTPSALGKLQDVVNQNAQALNTLVKQLSSNFGAISSVLNDILSRLDPPEAEVQIDRLITGRLQSLQTYVTQQLIRAAEIRASANLAATKMSECVLGQSKRVDFCGKGYHLMSFPQSAPHGVVFLHVTYVPAQEKNFTTAPAICHDGKAHFPREGVFVSNGTHWFVTQRNFYEPQIITTDNTFVSGNCDVVIGIVNNTVYDPLQPELDS,EVQLVESGGGLVQPGGSLRLSCAASEITVSSNYMNWVRQAPGKGLEWVSVVYPGGSTFYTDSVKGRFTISRDNSKNTLYLQMNSLRAEDTAVYYCARESGGFPLAEGAFDIWGQGTMVTVSS,DIQMTQSPSSLSASVGDRVSITCRASQSISTHLHWYQQKPGKAPKLLISAASTLQSGVPSRFSGSGSGTDFTLTITSLQPEDFATYYCQQSYSTPRGLSFGGGTKVEIKRTV
8IL3,QQWSGPGTTKRFPETVLARCVKYTEIHPEMRHVDCQSVWDAFKGAFISKHPCNITEEDYQPLMKLGTQTVPCNKILLWSRIKDLAHQFTQVQRDMFTLEDTLLGYLADDLTWCGEFNTSKINYQSCPDWRKDCSNNPVSVFWKTVSRRFAEAACDVVHVMLNGSRSKIFDKNSTFGSVEVHNLQPEKVQTLEAWVIHGGREDSRDLCQDPTIKELESIISKRNIQFSCKNIY,QVQLVQSGSELKKPGASVKVSCKASGYTFTDYNVHWIRQAPGQGLEWIGYFYPRNGATHYNQKFTGRAVLSADTSVSTAYLQISSLKAEDTAVYFCARGETPGTFPYWGQGTLVTVSS,DIVLTQSPASLAVSPGQRATITCRASESVDNFGITFMHWYQQKPGQPPKLLIYRASNLESGVPARFSGSGSRTDFTLTINPVEANDTANYYCQQSSKDPRTFGQGTKLEIKRTV
8J7T,ISGWFRSILSDKTSRNLFFFLCLNLSFAFVELLYGIWSNCLGLISDSFHMFFDSTAILAGLAASVISKWRDNDAFSYGYVRAEVLAGFVNGLFLIFTAFFIFSEGVERALAPPDRLLLVSILGFVVNLIGIFVFKHGGPSRQILQGVFLHILADTLGSIGVIASAIMMQNFGLMIADPICSILIAILIVVSVIPLLRESVGILMQRTPPLLENSLPQCYQRVQQLQGVYSLQEQHFWTLCSDVYVGTLKLIVAPDADARWILSQTHNIFTQAGVRQLYVQIDFAAM,EVQLQESGPGLVAPSQSLSITCTVSGFSLTNYAVHWVRQSPGKGLEWLGVIWSNGRTDYNAAFISRLSISKDNSKSQVFFKMNSLQADDTAIYYCARKLAYEGAMDYWGQGTSVTVSS,DIVLTQSPASLAVSLRRRATISCRASESVDGYGHSFMHWYQQKSGQPPKLLIYRASNLESGVPARFSGSGSRTDFTLTIDPVEADDAATYYCQQSNEDPYTFGSGTKLEIKRA
8OXW,AALGVQSINWQTAFNRQAHHTDKFSSQELILRRGQNFQVLMIMNKGLGSNERLEFIVSTGPYPSESAMTKAVFPLSNGSSGGWSAVLQASNGNTLTISISSPASAPIGRYTMALQIFSQGGISSVKLGTFILLFNPWLNVDSVFMGNHAEREEYVQEDAGIIFVGSTNRIGMIGWNFGQFEEDILSICLSILDRSLNFRRDAATDVASRNDPKYVGRVLSAMINSNDDNGVLAGNWSGTYTGGRDPRSWNGSVEILKNWKKSGFSPVRYGQCWVFAGTLNTALRSLGIPSRVITNFNSAHDTDRNLSVDVYYDPMGNPLDKGSDSVWNFHVWNEGWFVRSDLGPSYGGWQVLDATPQERSQGVFQCGPASVIGVREGDVQLNFDMPFIFAEVNADRITWLYDNTTGKQWKNSVNSHTIGRYISTKAVGSNARMDVTDKYKYPEGSDQERQVFQKALGKLLETEEQEPSIIGKLKVAGMLAVGKEVNLVLLLKNLSRDTKTVTVNMTAWTIIYNGTLVHEVWKDSATMSLDPEEEAEHPIKISYAQYEKYLKSDNMIRITAVCKVPDESEVVVERDIILDNPTLTLEVLNEARVRKPVNVQMLFSNPLDEPVRDCVLMVEGSGLLLGNLKIDVPTLGPKEGSRVRFDILPSRSGTKQLLADFSCNKFPAIKAMLSIDVAE,EVQLVESGGGLVQPGRSLRLSCTASGFTFDDYAMHWVRQAPGKGLEWVSRISWNSRSIAYADSVKGRFTISRDSAKNSLYLQMNSLRTEDTALYYCAKDHYLGSDSYGMDVWGQGTTVTVSS,NFMLTQPHSVSESPGKTVTISCTRSSGSIDSNYVQWYQQRPGSAPTIVIHEDNQRPSGVPDRFSGSIDTSSNSASLTISGLKTEDEADYYCQSYDPSNVVFGGGTKLTVLGQP
8QRG,TNLCPFGEVFNATRFASVYAWNRKRISNCVADYSVLYNSASFSTFKCYGVSPTKLNDLCFTNVYADSFVIRGDEVRQIAPGQTGKIADYNYKLPDDFTGCVIAWNSNNLDSKVGGNYNYRYRLFRKSNLKPFERDISTEIYQAGSKPCNGVEGFNCYFPLQSYGFQPTNGVGYQPYRVVVLSFELL,EVQLVESGGGLVEPGGSLRLSCAASGITVSSNYMHWVRQAPGRGLEWVSLIYSGGSTFFAESVKGRFTISRDNSKNTMYLQMNSLRVEDTAVYYCAREVPRISGYDYWGQGTLVTVSS,DIQMTQSPSSLSASVGDRVTITCQASQDINKYLNWYQQKPGKAPNLLISGASNLETGVPSRFSGSGFGTDFTFTISSLQPEDIATYYCQQSDNLPPTFGQGTKVEIKRTV
8R1D,VNLITRTQSYTNSFTRGVYYPDKVFRSSVLHSTQDLFLPFFSNVTWFHAIHVSNPVLPFNDGVYFASTEKSNIIRGWIFGTTLDSKTQSLLIVNNATNVVIKVCEFQFCNDPFLDVFRVYSSANNCTFEYVSFKNLREFVFKNIDGYFKIYSKHTPINLPQGFSALEPLVDLPIGINITRFQTLLALHTAGAAAYYVGYLQPRTFLLKYNENGTITDAVDCALDPLSETKCTLKSFTVEKGIYQTSNFRVQPTESIVRFPNITNLCPFDEVFNATRFASVYAWNRKRISNCVADYSVLYNFAPFFAFKCYGVSPTKLNDLCFTNVYADSFVIRGNEVSQIAPGQTGNIADYNYKLPDDFTGCVIAWNSNKLDSKVGGNYNYQYRLFRKSNLKPFERDISTEIYQAGNKPCNGVAGFNCYFPLRSYGFRPTYGVGHQPYRVVVLSFELLHAPATVCGPKKSTNLVKNKCVNFNFNGLTGTGVLTESNKKFLPFQQFGRDIADTTDAVRDPQTLEILDITPCSFGGVSVITPGTNTSNQVAVLYQGVNCTEVPVAIHADQLTPTWRVYSTGSNVFQTRAGCLIGAEYVNNSYECDIPIGAGICASYQTSQSIIAYTMSLGAENLVAYSNNSIAIPTNFTISVTTEILPVSMTKTSVDCTMYICGDSTECSNLLLQYGSFCTQLKRALTGIAVEQDKNTQEVFAQVKQIYKTPPIKYFGGFNFSQILPDPSKPSKRSFIEDLLFNKVTLADAGFIKQYGDCLGDIAARDLICAQKFNGLTVLPPLLTDEMIAQYTSALLAGTITSGWTFGAGAALQIPFAMQMAYRFNGIGVTQNVLYENQKLIANQFNSAIGKIQDSLSSTASALGKLQDVVNHNAQALNTLVKQLSSKFGAISSVLNDILSRLDKVEAEVQIDRLITGRLQSLQTYVTQQLIRAAEIRASANLAATKMSECVLGQSKRVDFCGKGYHLMSFPQSAPHGVVFLHVTYVPAQEKNFTTAPAICHDGKAHFPREGVFVSNGTHWFVTQRNFYEPQIITTDNTFVSGNCDVVIGIVNNTVYDPLQPELDS,QVQLVESGGGLVQPGGSLRLSCTASGVTFSSYAMSWVRQAPGKGLEWVSGISGSGDSTYYADSVKGRFTISRDNSKNTLYLQMNSLRVEDTAVYYCATHYCSGGSCPFDYWGQGTLVTVSS,PSALTQPPSVSVSPGQTASITCSGDKLGNKYAYWYQQKPGQSPVLVIFQDTMRPSGIPERFSASNSGNTATLTISGTQSIDEADYYCQAWDSNTAVFGGGTKLTVL
8SDG,NLCPFGEVFNATRFASVYAWNRKRISNCVADYSVLYNSASFSTFKCYGVSPTKLNDLCFTNVYADSFVIRGDEVRQIAPGQTGKIADYNYKLPDDFTGCVIAWNSNNLDSKVGGNYNYLYRLFRKSNLKPFERDISTEIYQAGSTPCNGVEGFNCYFPLQSYGFQPTNGVGYQPYRVVVLSFEAPATVC,EVQLVESGGGLVQPGGSLKLSCSASGFTLSDSAMHWVRQASGKGLEWVGRISSNVNNDATVYAASLKGRFTISRDESKNMAYLQMNSLKNEDTAVYYCTVVPVLEYYQYGMDVWGQGTTVTIFN,DIQLTQSPSTLSASVGDRVIITCRASQSISTWLAWYQQRPGQAPKLLIYKASILQSGVPPRFSGSGSGTDFTLTISRLQPDDFATYYCQQYDSDSQPLTFGGGTKLEIKRTV
8SGN,VCQYTIQSLIHLTGEDPGFFNVEIPEFPFYPTCNVCTADVNVTINFDVGGKKHQLDLDFGQLTPHTKAVYQPRGAFGGSENATNLFLLELLGAGELALTMRSKKLPINVTTGEEQQVSLESVDVYFQDVFGTMWCHHAEMQNPVYLIPETVPYIKWDNCNSTNITAVVRAQGLDVTLPLSLPTSAQDSNFSVKTEMLGNEIDIECIMEDGEISQVLPGDNKFNITCSGYESHVPSGGILTSTSPPGTGYAYSLRLTPRPVSRFLGNNSILYVFYSGNGGDYCIQSNIVFSDEIPASQDMPTNTTDITYVGDNATYSVPMVTSEDANSPNVTVTAFWAWPNNTETDFKCKWTLTSGTPSGCENISGAFASNRTFDITVSGLGTAPKTLIITRTATNATTTTHKVIFSKA,QLQLQESGPGVVKPSETLSLTCTISGGSFSTYYWTWIRQPPGKGLEWVGYIGNGGRSLNYNPSLKSRITLSVDASKNQFSLKVTSVTAADTAVYYCGRARGLRGNWFDVWGPGVLVTVSS,QAALTQPPSVSGSPGQSVTISCTGTSSDIGGYNYVSWYQQHPGKAPKVMIYEVSKRPSGVSDRFSGSKSGNIASLTISGLQAEDEADYYCSSYAGSNTFLFGGGTRLTVLGQP
8TBQ,FKVATPYSLYVCPEGQNVTLTCRLLGPVDKGHDVTFYKTWYRSSRGEVQTCSERRPIRQLTFQDLHLHHGGHQAAQTSHDLAQRHGLESASDHHGNFSITMRNLTLLDSGLYCCLVVEIRHHHSEHRVHGAMELQVQTGKDAPSNCVVYPSS,EVQLVESGGGLVQPGGSLRLSCAASGFTFDDYSMNWVRQAPGKGLEWVSYISSDADTIYYADSVKGRFTISRDNAKNSLYLQMNSLRAEDTAVYYCAREAGGVLGRVDFQHWGQGTLVTVSS,DIQLTQSPSSLSASVGDRVTITCQASQDISNYLNWYQQKPGKAPKLLIYDASNLGTGVPSRFSGSGSGTDFTFTISSLQPEDIATYYCQQADFVPPWTFGGGTKVEIKRTV
